{
  "muscle_detect": {
    "Juliana Casagrande": {
      "x": [
        4,
        3,
        2
      ],
      "y": [
        0.91690363345,
        0.9032614704,
        0.9069767442000001
      ]
    },
    "Biju Ribeiro": {
      "x": [
        4,
        3,
        2,
        1
      ],
      "y": [
        0.90054945055,
        0.8961038961000001,
        0.89726027395,
        0.90425531915
      ]
    },
    "Marta Garcia da Fonseca": {
      "x": [
        4,
        2,
        1
      ],
      "y": [
        0.9089041096,
        0.90760869565,
        0.9062758906
      ]
    },
    "Rita de Cassia Passarini": {
      "x": [
        4,
        3,
        2,
        1
      ],
      "y": [
        0.9556911208000001,
        0.950359476,
        0.9423076923,
        0.9401408451
      ]
    },
    "Dora Fernandes": {
      "x": [
        4,
        3,
        2,
        1
      ],
      "y": [
        0.91258008175,
        0.8994073547000001,
        0.8793082073,
        0.8104477612000001
      ]
    }
  },
  "blabla": {
    "Juliana Casagrande": {
      "x": [
        4,
        3,
        2
      ],
      "y": [
        0.91690363345,
        0.9032614704,
        0.9069767442000001
      ]
    },
    "Biju Ribeiro": {
      "x": [
        4,
        3,
        2,
        1
      ],
      "y": [
        0.90054945055,
        0.8961038961000001,
        0.89726027395,
        0.90425531915
      ]
    },
    "Marta Garcia da Fonseca": {
      "x": [
        4,
        2,
        1
      ],
      "y": [
        0.9089041096,
        0.90760869565,
        0.9062758906
      ]
    },
    "Rita de Cassia Passarini": {
      "x": [
        4,
        3,
        2,
        1
      ],
      "y": [
        0.9556911208000001,
        0.950359476,
        0.9423076923,
        0.9401408451
      ]
    },
    "Dora Fernandes": {
      "x": [
        4,
        3,
        2,
        1
      ],
      "y": [
        0.91258008175,
        0.8994073547000001,
        0.8793082073,
        0.8104477612000001
      ]
    }
  }
}